# FreeWorld Xenodata Public Points of Interest (English Translation)
# Only widely documented, non-sensitive public locations. Approximate coordinates (<=3 decimal places) when there is any potential sensitivity.
# Fields: category,name,description,country,region_or_state,latitude,longitude,precision,source_url,notes,license,status,last_verified
# Category glossary (extensible): anomalous_zone, historical_case_site, research_facility_public, observatory, paranormal_site, archaeological_site, geological_site, mystery_zone, missing_cluster, reported_abduction_site, paranormal_cluster, cattle_mutilation_region, meteorite_fall_site, dark_sky_reserve, aurora_viewing_site, radio_quiet_zone, folklore_legend_site, sky_quality_site, transient_luminous_event_study_site, earthquake_lights_region, ball_lightning_reports_region, atmospheric_glow_region, historic_airship_sighting_region, legend_water_creature_lake, impact_structure, rare_cloud_phenomena_region, noctilucent_cloud_observation_site, luminous_plankton_bay, gravity_anomaly_site, geomagnetic_anomaly_region, radioastronomy_pathfinder, ionospheric_heater_public, magnetometer_array_site, open_science_sensor_network, uap_data_collection_initiative, meteoritic_recovery_area, comet_impact_structure_candidate, historic_space_event_observation_site
# Excludes active military bases, operational nuclear plants or critical infrastructure. Not for precise navigation.
category,name,description,country,region_or_state,latitude,longitude,precision,source_url,notes,license,status,last_verified
anomalous_zone,Zone of Silence,Mexican desert with reports of electromagnetic anomalies and radio dropouts.,MX,Durango,26.733,-103.650,approx,https://es.wikipedia.org/wiki/Zona_del_Silencio,Approximate central coordinate.,CC-BY-SA-4.0,active,2025-08-24
anomalous_zone,Hessdalen Valley,Norwegian valley famous for persistent lights under scientific investigation.,NO,Trøndelag,62.837,11.236,approx,https://en.wikipedia.org/wiki/Hessdalen_lights,Observations since the 1980s.,CC-BY-SA-4.0,active,2025-08-24
anomalous_zone,Brown Mountain Lights,Enigmatic lights sporadically observed near Brown Mountain.,US,NC,35.889,-81.922,approx,https://en.wikipedia.org/wiki/Brown_Mountain_Lights,Popular reports and investigations.,CC-BY-SA-4.0,active,2025-08-24
anomalous_zone,Marfa Lights,Unexplained luminous points near the town of Marfa.,US,TX,30.243,-103.901,approx,https://en.wikipedia.org/wiki/Marfa_lights,Visible from public viewpoint.,CC-BY-SA-4.0,active,2025-08-24
anomalous_zone,San Luis Valley Lights,Region with diverse aerial phenomenon reports.,US,CO,37.647,-105.876,approx,https://en.wikipedia.org/wiki/San_Luis_Valley,Approximate valley coordinate.,CC-BY-SA-4.0,active,2025-08-24
historical_case_site,Phoenix Lights Event,Large collective observation of lights in 1997.,US,AZ,33.448,-112.074,approx,https://en.wikipedia.org/wiki/Phoenix_Lights,Urban reference center.,CC-BY-SA-4.0,historic,2025-08-24
historical_case_site,Voronezh Incident,1989 Soviet report widely publicized.,RU,Voronezh_Oblast,51.675,39.184,approx,https://en.wikipedia.org/wiki/Voronezh_incident,Approximate urban location.,CC-BY-SA-4.0,historic,2025-08-24
historical_case_site,Westall UFO Encounter,1966 school incident in Australia.,AU,VIC,-37.980,145.130,approx,https://en.wikipedia.org/wiki/Westall_UFO,Approximate suburban coordinate.,CC-BY-SA-4.0,historic,2025-08-24
paranormal_site,Skinwalker Ranch (approx),Rural area associated with multi-phenomena anomalous reports.,US,UT,40.258,-109.888,approx,https://en.wikipedia.org/wiki/Skinwalker_Ranch,Approximate central coordinate.,CC-BY-SA-4.0,active,2025-08-24
research_facility_public,Arecibo Observatory (historic),Historic radio astronomy observatory collapsed in 2020.,PR,,18.344,-66.752,approx,https://en.wikipedia.org/wiki/Arecibo_Observatory,Historic scientific site.,CC-BY-SA-4.0,historic,2025-08-24
observatory,Paranal Observatory,ESO facilities in the Atacama Desert.,CL,Antofagasta,-24.625,-70.404,exact,https://en.wikipedia.org/wiki/Paranal_Observatory,Open to scheduled visits.,CC-BY-SA-4.0,active,2025-08-24
observatory,Mauna Kea Observatories,Cluster of astronomical domes atop Mauna Kea.,US,HI,19.820,-155.470,approx,https://en.wikipedia.org/wiki/Mauna_Kea_Observatories,Distributed complex; representative coordinate.,CC-BY-SA-4.0,active,2025-08-24
observatory,La Silla Observatory,ESO telescope complex inaugurated 1969.,CL,Coquimbo,-29.258,-70.734,exact,https://en.wikipedia.org/wiki/La_Silla_Observatory,Site of historic importance.,CC-BY-SA-4.0,active,2025-08-24
paranormal_site,Loch Ness,Scottish lake linked to legendary creature reports.,UK,Scotland,57.300,-4.450,approx,https://en.wikipedia.org/wiki/Loch_Ness_Monster,Average lake coordinate.,CC-BY-SA-4.0,active,2025-08-24
anomalous_zone,Hoia Forest,Transylvanian forest reputed for unusual visual phenomena.,RO,Cluj,46.783,23.516,approx,https://en.wikipedia.org/wiki/Hoia_Forest,Approximate visited area center.,CC-BY-SA-4.0,active,2025-08-24
historical_case_site,Shag Harbour Incident,Reported descent of luminous object in 1967.,CA,Nova_Scotia,43.489,-65.711,approx,https://en.wikipedia.org/wiki/Shag_Harbour_UFO_incident,Approximate coastal coordinate.,CC-BY-SA-4.0,historic,2025-08-24
historical_case_site,Roswell Incident (approx),Historic 1947 case involving unidentified debris.,US,NM,33.394,-104.523,approx,https://en.wikipedia.org/wiki/Roswell_UFO_incident,Approximate town center (not exact site).,CC-BY-SA-4.0,historic,2025-08-24
historical_case_site,Rendlesham Forest Incident,Series of luminous events 1980 in English forest.,UK,Suffolk,52.090,1.440,approx,https://en.wikipedia.org/wiki/Rendlesham_Forest_incident,Approximate forest coordinate.,CC-BY-SA-4.0,historic,2025-08-24
historical_case_site,Tunguska Event Epicenter,Area of 1908 atmospheric explosion in Siberia.,RU,Krasnoyarsk_Krai,60.900,101.900,approx,https://en.wikipedia.org/wiki/Tunguska_event,Remote region; approximate centroid.,CC-BY-SA-4.0,historic,2025-08-24
geological_site,Meteor Crater,Well-preserved impact crater in Arizona.,US,AZ,35.027,-111.022,approx,https://en.wikipedia.org/wiki/Meteor_Crater,Tourist geological site.,CC-BY-SA-4.0,active,2025-08-24
anomalous_zone,Bennington Triangle,Area of historical disappearances in Vermont.,US,VT,43.040,-73.100,approx,https://en.wikipedia.org/wiki/Bennington_Triangle,Folkloric area; representative coordinate.,CC-BY-SA-4.0,active,2025-08-24
anomalous_zone,Bridgewater Triangle,Region of anomalous reports in Massachusetts.,US,MA,41.950,-70.970,approx,https://en.wikipedia.org/wiki/Bridgewater_Triangle,Broad geographic area.,CC-BY-SA-4.0,active,2025-08-24
mystery_zone,Bermuda Triangle (centroid),Maritime zone tied to vessel disappearance lore.,NA,Atlantic,25.000,-71.000,approx,https://en.wikipedia.org/wiki/Bermuda_Triangle,Approximate popular triangle centroid.,CC-BY-SA-4.0,active,2025-08-24
mystery_zone,Devil's Sea (Dragon's Triangle),Northwest Pacific area with nautical folklore.,JP,Pacific,30.000,145.000,approx,https://en.wikipedia.org/wiki/Dragon%27s_Triangle,Symbolic central coordinate.,CC-BY-SA-4.0,active,2025-08-24
archaeological_site,Nazca Lines,Pre-Columbian geoglyphs on Nazca plateau.,PE,Ica,-14.739,-75.130,approx,https://en.wikipedia.org/wiki/Nazca_Lines,Centroid of main concentration.,CC-BY-SA-4.0,active,2025-08-24
archaeological_site,Stonehenge,Iconic Neolithic megalithic monument.,UK,England,51.178,-1.827,exact,https://en.wikipedia.org/wiki/Stonehenge,Controlled tourist site.,CC-BY-SA-4.0,active,2025-08-24
archaeological_site,Easter Island (Moai area),Chilean island famous for monumental statues.,CL,Valparaíso,-27.112,-109.349,approx,https://en.wikipedia.org/wiki/Moai,Representative island coordinate.,CC-BY-SA-4.0,active,2025-08-24
archaeological_site,Teotihuacan Pyramids,Monumental pre-Columbian Mesoamerican city.,MX,State_of_Mexico,19.693,-98.843,approx,https://en.wikipedia.org/wiki/Teotihuacan,Major archaeological site.,CC-BY-SA-4.0,active,2025-08-24
archaeological_site,Göbekli Tepe,Complex of Neolithic megalithic structures.,TR,Şanlıurfa,37.223,38.921,approx,https://en.wikipedia.org/wiki/G%C3%B6bekli_Tepe,Archaeological excavation site.,CC-BY-SA-4.0,active,2025-08-24
geological_site,Giant's Causeway,Unique interlocking basalt formation.,UK,Northern_Ireland,55.240,-6.511,approx,https://en.wikipedia.org/wiki/Giant%27s_Causeway,World Heritage Site.,CC-BY-SA-4.0,active,2025-08-24
geological_site,Devils Tower,Igneous monolith in Wyoming.,US,WY,44.590,-104.715,approx,https://en.wikipedia.org/wiki/Devils_Tower,National monument.,CC-BY-SA-4.0,active,2025-08-24
paranormal_site,Mount Shasta,Mountain associated with numerous esoteric legends.,US,CA,41.409,-122.194,approx,https://en.wikipedia.org/wiki/Mount_Shasta,Legends of hidden civilizations.,CC-BY-SA-4.0,active,2025-08-24
paranormal_site,Sedona Vortex Sites (centroid),Trail zone with beliefs in energy vortices.,US,AZ,34.867,-111.761,approx,https://en.wikipedia.org/wiki/Sedona,_Arizona,Approximate aggregated coordinate.,CC-BY-SA-4.0,active,2025-08-24
missing_cluster,Great Smoky Missing Cluster (approx),National park zone with dispersed disappearance anecdotes.,US,TN,35.610,-83.489,approx,https://www.nps.gov/grsm/index.htm,Use only as broad reference; not investigative.,Public_Domain,active,2025-08-24
missing_cluster,Yosemite Missing Reports Area (approx),Broad area with public trail disappearance cases.,US,CA,37.865,-119.538,approx,https://www.nps.gov/yose/index.htm,Represents general national park.,Public_Domain,active,2025-08-24
missing_cluster,Rocky Mountain NP Missing (approx),Mountain area with dispersed public incidents.,US,CO,40.344,-105.688,approx,https://www.nps.gov/romo/index.htm,Park coordinate (center).,Public_Domain,active,2025-08-24
missing_cluster,Appalachian Trail General Segment,Extensive trail with diverse non-centralized reports.,US,Multi,39.500,-77.800,approx,https://en.wikipedia.org/wiki/Appalachian_Trail,Representative segmented coordinate.,CC-BY-SA-4.0,active,2025-08-24
reported_abduction_site,Betty & Barney Hill (approx White Mountains),1961 abduction report; coordinate denotes public mountain region.,US,NH,44.300,-71.300,approx,https://en.wikipedia.org/wiki/Barney_and_Betty_Hill_abduction,Approximate in public area; not residence.,CC-BY-SA-4.0,historic,2025-08-24
reported_abduction_site,Travis Walton Incident (Apache-Sitgreaves NF approx),1975 report involving forestry worker; coordinate shows general national forest.,US,AZ,34.340,-110.950,approx,https://en.wikipedia.org/wiki/Travis_Walton,Public forest area; historical narrative.,CC-BY-SA-4.0,historic,2025-08-24
reported_abduction_site,Allagash Wilderness Incident (approx),Group report in remote lake area 1976; coordinate approximates lake zone.,US,ME,46.250,-69.500,approx,https://en.wikipedia.org/wiki/Allagash_abductions,Vast lake region; not exact point.,CC-BY-SA-4.0,historic,2025-08-24
reported_abduction_site,Homeyglen Pascagoula Event (approx),1973 riverside public area report; approximate town coordinate.,US,MS,30.365,-88.556,approx,https://en.wikipedia.org/wiki/Pascagoula_abduction,General port town; not private site.,CC-BY-SA-4.0,historic,2025-08-24
reported_abduction_site,Manises Case (Valencia Airspace approx),1979 aeronautical report; coordinate references broad coastal area.,ES,Valencia,39.470,-0.376,approx,https://en.wikipedia.org/wiki/Manises_UFO_incident,Broad urban region.,CC-BY-SA-4.0,historic,2025-08-24
reported_abduction_site,Betty Andreasson (Massachusetts region approx),Historic domestic report; coordinate only generic municipal region.,US,MA,42.400,-71.300,approx,https://en.wikipedia.org/wiki/Andreasson_Affair,Approximate location for privacy.,CC-BY-SA-4.0,historic,2025-08-24
paranormal_cluster,Mothman Sightings (Point Pleasant area),Winged creature reports 1960s; central urban coordinate.,US,WV,38.844,-82.138,approx,https://en.wikipedia.org/wiki/Mothman,Area of multiple reports and themed museum.,CC-BY-SA-4.0,historic,2025-08-24
paranormal_cluster,Enfield Poltergeist (approx borough),1977-79 British poltergeist case; generic borough coordinate.,UK,London,51.660,-0.070,approx,https://en.wikipedia.org/wiki/Enfield_poltergeist,Broad coordinate for privacy.,CC-BY-SA-4.0,historic,2025-08-24
paranormal_cluster,Amityville Narrative (approx village),1970s haunted house media narrative; generic village coordinate.,US,NY,40.669,-73.417,approx,https://en.wikipedia.org/wiki/The_Amityville_Horror,No specific address included.,CC-BY-SA-4.0,historic,2025-08-24
paranormal_cluster,Borley Rectory (historic site approx),British site dubbed 'most haunted'; historic ruins.,UK,Essex,52.030,0.710,approx,https://en.wikipedia.org/wiki/Borley_Rectory,Demolished historic site.,CC-BY-SA-4.0,historic,2025-08-24
cattle_mutilation_region,Snippy Horse Case (San Luis Valley approx),1967 case frequently cited in mutilation debates.,US,CO,37.650,-105.870,approx,https://en.wikipedia.org/wiki/Cattle_mutilation,Broad region; not current ranch.,CC-BY-SA-4.0,historic,2025-08-24
cattle_mutilation_region,Northeastern Colorado Cluster (approx),Area with dispersed 1970s reports; approximate central coordinate.,US,CO,40.500,-103.800,approx,https://en.wikipedia.org/wiki/Cattle_mutilation,Generic regional representation.,CC-BY-SA-4.0,historic,2025-08-24
cattle_mutilation_region,Four Corners Reports (approx centroid),Multi-state anecdotal reports; geographic central point.,US,Multi,36.999,-109.046,approx,https://en.wikipedia.org/wiki/Cattle_mutilation,Spans multiple counties.,CC-BY-SA-4.0,active,2025-08-24
cattle_mutilation_region,Central Texas Reports (approx),Dispersed rural reports; regional coordinate.,US,TX,31.100,-97.300,approx,https://en.wikipedia.org/wiki/Cattle_mutilation,Generic region; not private properties.,CC-BY-SA-4.0,active,2025-08-24
paranormal_cluster,Bridge of Don UFO Flap (Aberdeen approx),Period of concentrated reports; urban coordinate.,UK,Scotland,57.170,-2.070,approx,https://en.wikipedia.org/wiki/List_of_reported_UFO_sightings,Source compiles multiple cases.,CC-BY-SA-4.0,historic,2025-08-24
paranormal_cluster,Warminster Thing (approx town),Series of noise and light reports 1960s.,UK,Wiltshire,51.205,-2.180,approx,https://en.wikipedia.org/wiki/Warminster_thing,Reference town.,CC-BY-SA-4.0,historic,2025-08-24
paranormal_cluster,Dudley Dorito Sightings (West Midlands approx),Recurring night triangular object reports.,UK,West_Midlands,52.510,-2.080,approx,https://en.wikipedia.org/wiki/Black_triangle_(UFO),Extensive urban area.,CC-BY-SA-4.0,active,2025-08-24
anomalous_zone,Massachusetts Triangle (Leominster State Forest approx),Folkloric region of multiple anomalies.,US,MA,42.530,-71.820,approx,https://en.wikipedia.org/wiki/Bridgewater_Triangle,Debated cultural extent.,CC-BY-SA-4.0,active,2025-08-24
reported_abduction_site,Communion Narrative (NY state forest approx),Site tied to autobiographical narrative; generic forest coordinate.,US,NY,42.000,-74.500,approx,https://en.wikipedia.org/wiki/Communion_(book),Residential privacy protected.,CC-BY-SA-4.0,historic,2025-08-24
paranormal_cluster,Silk Road Ghost Lights (Hessdalen comparative placeholder),Comparative phenomenon for anomalous light pattern (placeholder).,NO,Trøndelag,62.830,11.240,approx,https://en.wikipedia.org/wiki/Hessdalen_lights,Illustrative comparative entry.,CC-BY-SA-4.0,active,2025-08-24
meteorite_fall_site,Campo del Cielo,Argentine meteorite field from pre-historic fall.,AR,Chaco,-27.635,-61.700,approx,https://en.wikipedia.org/wiki/Campo_del_Cielo,Broad site with craters and fragments.,CC-BY-SA-4.0,active,2025-08-24
meteorite_fall_site,Allende Meteorite (approx fall area),1969 Allende meteorite fall area.,MX,Chihuahua,26.950,-105.317,approx,https://en.wikipedia.org/wiki/Allende_meteorite,Extensive rural area.,CC-BY-SA-4.0,historic,2025-08-24
meteorite_fall_site,Murchison Meteorite (approx),1969 carbonaceous chondrite fall.,AU,VIC,-36.613,145.214,approx,https://en.wikipedia.org/wiki/Murchison_meteorite,Approximate municipal coordinate.,CC-BY-SA-4.0,historic,2025-08-24
dark_sky_reserve,Aoraki Mackenzie Dark Sky Reserve,Certified dark sky reserve in New Zealand.,NZ,Canterbury,-44.000,170.500,approx,https://en.wikipedia.org/wiki/Aoraki_Mackenzie,Large protected area.,CC-BY-SA-4.0,active,2025-08-24
dark_sky_reserve,Exmoor Dark Sky Reserve,European dark sky reserve.,UK,England,51.100,-3.650,approx,https://en.wikipedia.org/wiki/Exmoor,Rural low light pollution region.,CC-BY-SA-4.0,active,2025-08-24
aurora_viewing_site,Tromsø Aurora Spot,Urban point popular for aurora viewing.,NO,Troms_og_Finnmark,69.649,18.956,approx,https://en.wikipedia.org/wiki/Troms%C3%B8,Central urban coordinate.,CC-BY-SA-4.0,active,2025-08-24
aurora_viewing_site,Abisko National Park Aurora Point,Swedish park with stable aurora conditions.,SE,Norrbotten,68.358,18.783,approx,https://en.wikipedia.org/wiki/Abisko_National_Park,Park coordinate.,CC-BY-SA-4.0,active,2025-08-24
radio_quiet_zone,National Radio Quiet Zone (centroid),US public radiofrequency protection zone.,US,Multi,38.420,-79.700,approx,https://en.wikipedia.org/wiki/United_States_National_Radio_Quiet_Zone,Approximate centroid; vast area.,CC-BY-SA-4.0,active,2025-08-24
folklore_legend_site,Robin Hood's Sherwood Forest,Forest linked to English legend.,UK,Nottinghamshire,53.200,-1.070,approx,https://en.wikipedia.org/wiki/Sherwood_Forest,Cultural heritage.,CC-BY-SA-4.0,active,2025-08-24
folklore_legend_site,El Dorado (Lake Guatavita symbolic),Lake tied to El Dorado legend.,CO,Cundinamarca,4.967,-73.767,approx,https://en.wikipedia.org/wiki/Lake_Guatavita,Approximate lake center.,CC-BY-SA-4.0,active,2025-08-24
sky_quality_site,Mauna Loa Atmospheric Baseline (approx),Atmospheric measurements and sky quality site.,US,HI,19.536,-155.576,approx,https://en.wikipedia.org/wiki/Mauna_Loa_Observatory,Public scientific facility.,CC-BY-SA-4.0,active,2025-08-24
transient_luminous_event_study_site,Pic du Midi Observatory (TLE studies),Sprite and TLE observations from Pyrenees range.,FR,Occitanie,42.936,0.143,approx,https://en.wikipedia.org/wiki/Pic_du_Midi_de_Bigorre,Mountain observatory.,CC-BY-SA-4.0,active,2025-08-24
earthquake_lights_region,L'Aquila Seismic Lights Reports (approx),Light reports linked to historic seismicity.,IT,Abruzzo,42.350,13.400,approx,https://en.wikipedia.org/wiki/Earthquake_light,Urban seismic region.,CC-BY-SA-4.0,active,2025-08-24
earthquake_lights_region,Matsushiro Earthquake Swarm (lights reports),1960s seismic swarm zone with light reports.,JP,Nagano,36.550,138.200,approx,https://en.wikipedia.org/wiki/Earthquake_light,Urban/regional area.,CC-BY-SA-4.0,historic,2025-08-24
ball_lightning_reports_region,Wales Historical Ball Lightning Region,Region with chronicles of ball lightning.,UK,Wales,52.300,-3.800,approx,https://en.wikipedia.org/wiki/Ball_lightning,Approximate regional center.,CC-BY-SA-4.0,active,2025-08-24
atmospheric_glow_region,Saragossa EME Glow Reports (historic approx),Historic atmospheric glow reports Spain.,ES,Aragon,41.650,-0.880,approx,https://en.wikipedia.org/wiki/Atmospheric_light,Illustrative regional entry.,CC-BY-SA-4.0,historic,2025-08-24
historic_airship_sighting_region,1909 Great Britain Airship Flap (centroid),Region of mysterious airship sightings 1909.,UK,England,52.200,-1.500,approx,https://en.wikipedia.org/wiki/Mystery_airship,Symbolic sightings centroid.,CC-BY-SA-4.0,historic,2025-08-24
historic_airship_sighting_region,1896-97 US Airship Flap (Midwest centroid),US precursor airship reports.,US,Midwest,39.800,-91.500,approx,https://en.wikipedia.org/wiki/Mystery_airship,Approximate multistate centroid.,CC-BY-SA-4.0,historic,2025-08-24
legend_water_creature_lake,Champ (Lake Champlain),Lake with aquatic creature legend.,US,NY_VT,44.500,-73.300,approx,https://en.wikipedia.org/wiki/Champ_(folklore),Approximate lake coordinate.,CC-BY-SA-4.0,active,2025-08-24
legend_water_creature_lake,Ogopogo (Okanagan Lake),Canadian lake with creature legend.,CA,British_Columbia,49.800,-119.600,approx,https://en.wikipedia.org/wiki/Ogopogo,Lake center.,CC-BY-SA-4.0,active,2025-08-24
legend_water_creature_lake,Seljord Serpent (Lake Seljord),Norwegian lake with legendary reports.,NO,Telemark,59.500,8.500,approx,https://en.wikipedia.org/wiki/Selma_(lake_monster),Central coordinate.,CC-BY-SA-4.0,active,2025-08-24
legend_water_creature_lake,Flathead Lake Monster Reports,Local aquatic creature reports.,US,MT,47.900,-114.100,approx,https://en.wikipedia.org/wiki/Flathead_Lake,Broad lake area.,CC-BY-SA-4.0,active,2025-08-24
reported_abduction_site,Cash-Landrum Incident (approx Houston region),1980 report involving luminous object & physiological effects; generic metro coordinate.,US,TX,30.060,-95.370,approx,https://en.wikipedia.org/wiki/Cash%E2%80%93Landrum_incident,Approximate north Greater Houston; not residence.,CC-BY-SA-4.0,historic,2025-08-24
reported_abduction_site,Falcon Lake Incident (approx lake area),1967 report with encounter & physical effects; broad provincial lake coordinate.,CA,Manitoba,49.700,-95.200,approx,https://en.wikipedia.org/wiki/Falcon_Lake_incident,Approximate public recreation area.,CC-BY-SA-4.0,historic,2025-08-24
reported_abduction_site,Kelly-Hopkinsville Encounter (regional centroid),1955 rural entities report; broad county coordinate.,US,KY,36.950,-87.500,approx,https://en.wikipedia.org/wiki/Kelly%E2%80%93Hopkinsville_encounter,Approximate Christian County centroid.,CC-BY-SA-4.0,historic,2025-08-24
reported_abduction_site,Antonio Villas Boas Case (Minas Gerais approx),1957 agricultural report Brazil; state/rural region coordinate.,BR,Minas_Gerais,-19.550,-46.350,approx,https://en.wikipedia.org/wiki/Antonio_Villas_Boas,Generic state coordinate; privacy preserved.,CC-BY-SA-4.0,historic,2025-08-24
reported_abduction_site,Ilkley Moor Encounter (approx moor centroid),1987 alleged photographic report; public moor coordinate.,UK,West_Yorkshire,53.900,-1.820,approx,https://en.wikipedia.org/wiki/Ilkley_Moor,Open common; approximate central point.,CC-BY-SA-4.0,historic,2025-08-24
reported_abduction_site,Ariel School Encounter (Ruwa district approx),1994 school collective report Zimbabwe; broad district coordinate.,ZW,Mashonaland_East,-17.900,31.200,approx,https://en.wikipedia.org/wiki/Ariel_School_UFO_incident,School privacy: district overall.,CC-BY-SA-4.0,historic,2025-08-24
reported_abduction_site,Trans-en-Provence Case (approx town centroid),1981 landing & ground effect report France; municipal coordinate.,FR,Var,43.482,6.459,approx,https://en.wikipedia.org/wiki/Trans-en-Provence_case,Town center; not specific property.,CC-BY-SA-4.0,historic,2025-08-24
reported_abduction_site,Valensole Incident (plateau approx),1965 lavender field encounter report; broad agricultural plateau.,FR,Alpes-de-Haute-Provence,43.836,5.985,approx,https://en.wikipedia.org/wiki/Valensole_UFO_incident,Cultivation region; not exact plot.,CC-BY-SA-4.0,historic,2025-08-24
reported_abduction_site,Papagayo Case (Costa Rica regional),Regionally cited report; broad peninsula coordinate.,CR,Guanacaste,10.650,-85.700,approx,https://en.wikipedia.org/wiki/List_of_reported_UFO_sightings,Illustrative regional entry.,CC-BY-SA-4.0,historic,2025-08-24
reported_abduction_site,Piedmont Lights & Encounters (Ozarks approx),Luminous and alleged encounter reports; broad mountain region.,US,MO,37.150,-90.700,approx,https://en.wikipedia.org/wiki/List_of_reported_UFO_sightings,Southeast Missouri Ozarks region.,CC-BY-SA-4.0,active,2025-08-24
archaeoastronomy_site,Newgrange Passage Tomb,Neolithic monument aligned with winter solstice.,IE,County_Meath,53.695,-6.475,approx,https://en.wikipedia.org/wiki/Newgrange,Public and well documented.,CC-BY-SA-4.0,active,2025-08-24
archaeoastronomy_site,Chaco Canyon (Great Houses approx),Ancestral complex with solar & lunar alignments.,US,NM,36.060,-107.960,approx,https://en.wikipedia.org/wiki/Chaco_Culture_National_Historical_Park,National park coordinate.,CC-BY-SA-4.0,active,2025-08-24
archaeoastronomy_site,Machu Picchu (astronomical features),Incan site with solar observation elements.,PE,Cusco,-13.163,-72.545,approx,https://en.wikipedia.org/wiki/Machu_Picchu,Controlled tourist location.,CC-BY-SA-4.0,active,2025-08-24
cosmic_ray_lab,Pierre Auger Observatory (approx),Ultra-high energy cosmic ray detection facility.,AR,Mendoza,-35.200,-69.300,approx,https://en.wikipedia.org/wiki/Pierre_Auger_Observatory,Extensive distributed detectors area.,CC-BY-SA-4.0,active,2025-08-24
cosmic_ray_lab,Telescope Array (Utah) (approx),Array for UHE cosmic ray study.,US,UT,39.300,-112.900,approx,https://en.wikipedia.org/wiki/Telescope_Array_Project,Wide distribution of detectors.,CC-BY-SA-4.0,active,2025-08-24
neutrino_detector_site,IceCube Neutrino Observatory (South Pole),Neutrino detector in Antarctic ice.,AQ,Antarctica,-90.000,0.000,approx,https://en.wikipedia.org/wiki/IceCube_Neutrino_Observatory,Symbolic South Pole coordinate.,CC-BY-SA-4.0,active,2025-08-24
atmospheric_research_station,Barrow Atmospheric Baseline (Utqiagvik),Atmospheric and climate monitoring station.,US,AK,71.323,-156.611,approx,https://en.wikipedia.org/wiki/NOAA_Earth_System_Research_Laboratory,Public scientific facility.,CC-BY-SA-4.0,active,2025-08-24
atmospheric_research_station,Jungfraujoch High Altitude Research,Alpine multi-disciplinary station.,CH,Bern,46.548,7.985,approx,https://en.wikipedia.org/wiki/Jungfraujoch,High value for atmospheric studies.,CC-BY-SA-4.0,active,2025-08-24
volcanic_luminous_phenomena_site,Sakurajima Volcanic Lightning (approx),Active volcano with frequent volcanic lightning events.,JP,Kagoshima,31.585,130.657,approx,https://en.wikipedia.org/wiki/Volcanic_lightning,Stratovolcano coordinate.,CC-BY-SA-4.0,active,2025-08-24
volcanic_luminous_phenomena_site,Colima Volcano (volcanic lightning),Mexican volcano with luminous discharge episodes.,MX,Colima,19.514,-103.620,approx,https://en.wikipedia.org/wiki/Volc%C3%A1n_de_Colima,Primary coordinate.,CC-BY-SA-4.0,active,2025-08-24
sky_glow_monitoring_site,Virginia Sky Quality Monitoring (example),Region with campaign measuring night sky brightness.,US,VA,37.500,-78.700,approx,https://example.org/sky_quality,Representative entry (example).,CC-BY-SA-4.0,active,2025-08-24
legend_water_creature_lake,Lake Tahoe Legends,Various folklore reports of aquatic creatures & phenomena.,US,CA_NV,39.090,-120.040,approx,https://en.wikipedia.org/wiki/Lake_Tahoe,Lake center coordinate.,CC-BY-SA-4.0,active,2025-08-24
paranormal_site,Devil's Kettle (Brule River),Geologic formation with mysterious sinkhole.,US,MN,47.995,-90.660,approx,https://en.wikipedia.org/wiki/Devil%27s_Kettle,Public trail area.,CC-BY-SA-4.0,active,2025-08-24
aurora_viewing_site,Reykjavík Aurora Viewing (urban),Urban location popular for aurora tours.,IS,Capital_Region,64.147,-21.938,approx,https://en.wikipedia.org/wiki/Reykjavik,Central urban coordinate.,CC-BY-SA-4.0,active,2025-08-24
aurora_viewing_site,Fairbanks Aurora Spot (approx),City with high aurora frequency.,US,AK,64.838,-147.722,approx,https://en.wikipedia.org/wiki/Fairbanks,_Alaska,Approximate urban center.,CC-BY-SA-4.0,active,2025-08-24
dark_sky_reserve,Central Idaho Dark Sky Reserve,Certified dark sky reserve.,US,ID,44.000,-115.200,approx,https://en.wikipedia.org/wiki/Dark-sky_preserve,Large mountainous area.,CC-BY-SA-4.0,active,2025-08-24
dark_sky_reserve,Westhavelland Dark Sky Reserve,Low light pollution reserve Germany.,DE,Brandenburg,52.700,12.300,approx,https://en.wikipedia.org/wiki/Dark-sky_preserve,Protected rural area.,CC-BY-SA-4.0,active,2025-08-24
observatory,ALMA Array (approx plateau),Millimeter/submillimeter array on Atacama plateau.,CL,Antofagasta,-23.023,-67.755,approx,https://en.wikipedia.org/wiki/Atacama_Large_Millimeter_Array,Extensive antenna area.,CC-BY-SA-4.0,active,2025-08-24
observatory,Green Bank Telescope (public scientific),Large operational public radio telescope.,US,WV,38.433,-79.839,approx,https://en.wikipedia.org/wiki/Green_Bank_Telescope,Accessible scientific area.,CC-BY-SA-4.0,active,2025-08-24
research_facility_public,EISCAT Tromsø (approx),Incoherent scatter ionospheric radar facility.,NO,Troms_og_Finnmark,69.586,19.227,approx,https://en.wikipedia.org/wiki/EISCAT,Approximate facility coordinate.,CC-BY-SA-4.0,active,2025-08-24
transient_luminous_event_study_site,Formosat-2 TLE Observation Region (symbolic),Satellite transient luminous event observation region (representation).,NA,Orbit,0.000,0.000,approx,https://en.wikipedia.org/wiki/Transient_luminous_event,Symbolic equatorial coordinate.,CC-BY-SA-4.0,active,2025-08-24
geological_site,Blue Hole Belize (approx center),Notable circular marine sinkhole.,BZ,Belize_District,17.315,-87.534,approx,https://en.wikipedia.org/wiki/Great_Blue_Hole,Approximate center.,CC-BY-SA-4.0,active,2025-08-24
geological_site,Salar de Uyuni (center),Extensive salt flat with optical phenomena.,BO,Potosi,-20.133,-67.489,approx,https://en.wikipedia.org/wiki/Salar_de_Uyuni,Approximate center.,CC-BY-SA-4.0,active,2025-08-24
geological_site,Antelope Canyon (approx entrance),Narrow canyon with light effects.,US,AZ,36.861,-111.374,approx,https://en.wikipedia.org/wiki/Antelope_Canyon,Controlled tourist site.,CC-BY-SA-4.0,active,2025-08-24
geological_site,Ice Caves Vatnajökull (regional),Region of seasonal glacial formations.,IS,Austurland,64.400,-16.800,approx,https://en.wikipedia.org/wiki/Vatnaj%C3%B6kull,Broad glacial area.,CC-BY-SA-4.0,active,2025-08-24
paranormal_site,Devil's Bridge Legends (Europe example),Historic bridge with folklore about supernatural construction.,DE,Saxony,50.978,14.073,approx,https://en.wikipedia.org/wiki/Devil%27s_Bridge,General European example.,CC-BY-SA-4.0,active,2025-08-24
paranormal_site,Bell Witch Cave (area approx),Site associated with folkloric narrative.,US,TN,36.550,-86.810,approx,https://en.wikipedia.org/wiki/Bell_Witch,Broad rural coordinate.,CC-BY-SA-4.0,active,2025-08-24
paranormal_site,Winchester Mystery House (grounds approx),Mansion with unusual architecture and reports.,US,CA,37.318,-121.950,approx,https://en.wikipedia.org/wiki/Winchester_Mystery_House,Tourist site.,CC-BY-SA-4.0,active,2025-08-24
paranormal_cluster,Chicago O'Hare 2006 Lights (regional),Reports of object over airspace in 2006.,US,IL,41.980,-87.900,approx,https://en.wikipedia.org/wiki/List_of_reported_UFO_sightings,General airport area.,CC-BY-SA-4.0,historic,2025-08-24
paranormal_cluster,Stephenville Lights (regional centroid),2008 Texas light flap.,US,TX,32.220,-98.200,approx,https://en.wikipedia.org/wiki/Stephenville_Lights,Rural/urban mixed region.,CC-BY-SA-4.0,historic,2025-08-24
paranormal_cluster,Oxnard Triangle Sightings (approx),Regional luminous triangle reports.,US,CA,34.200,-119.180,approx,https://en.wikipedia.org/wiki/Black_triangle_(UFO),Broad coastal area.,CC-BY-SA-4.0,active,2025-08-24
paranormal_cluster,Belgian UFO Wave (national centroid),Late 1980s–early 1990s Belgian flap.,BE,National,50.640,4.666,approx,https://en.wikipedia.org/wiki/Belgian_UFO_wave,Approximate geographic center.,CC-BY-SA-4.0,historic,2025-08-24
reported_abduction_site,Allende Letters Region (folklore),Narrative linked to controversial correspondence.,US,TX,26.050,-97.500,approx,https://en.wikipedia.org/wiki/Allende_Letters,Debated folkloric entry.,CC-BY-SA-4.0,historic,2025-08-24
reported_abduction_site,Cisco Grove Incident (forest approx),1964 forest encounter report.,US,CA,39.300,-120.550,approx,https://en.wikipedia.org/wiki/List_of_reported_UFO_sightings,Sierra Nevada forest area.,CC-BY-SA-4.0,historic,2025-08-24
reported_abduction_site,Pascagoula River Secondary Reports (regional),Additional subsequent reports in same region.,US,MS,30.450,-88.550,approx,https://en.wikipedia.org/wiki/Pascagoula_abduction,Regional complement.,CC-BY-SA-4.0,active,2025-08-24
meteorite_fall_site,Chelyabinsk Airburst (approx trajectory center),2013 Russia atmospheric explosion event.,RU,Chelyabinsk_Oblast,54.900,61.300,approx,https://en.wikipedia.org/wiki/Chelyabinsk_meteor,Regional coordinate.,CC-BY-SA-4.0,historic,2025-08-24
meteorite_fall_site,Peekskill Meteorite (approx fall area),1992 bolide fall widely filmed.,US,NY,41.290,-73.920,approx,https://en.wikipedia.org/wiki/Peekskill_meteorite,General urban area.,CC-BY-SA-4.0,historic,2025-08-24
geological_site,Great Barrier Reef Bioluminescence (region),Zone with episodes of marine bioluminescence.,AU,QLD,-19.000,149.000,approx,https://en.wikipedia.org/wiki/Great_Barrier_Reef,Macro reef coordinate.,CC-BY-SA-4.0,active,2025-08-24
geological_site,Waitomo Glowworm Caves (approx),Caves with natural bioluminescent emission.,NZ,Waikato,-38.260,175.100,approx,https://en.wikipedia.org/wiki/Waitomo_Caves,Controlled tourist site.,CC-BY-SA-4.0,active,2025-08-24
atmospheric_glow_region,Hamina Light Pillars (regional example),Coastal region with winter light pillar reports.,FI,Kymenlaakso,60.570,27.200,approx,https://en.wikipedia.org/wiki/Light_pillar,Recurring atmospheric condition.,CC-BY-SA-4.0,active,2025-08-24
ball_lightning_reports_region,Poland Historical Ball Lightning Region,Historical dispersed records.,PL,National,52.000,19.000,approx,https://en.wikipedia.org/wiki/Ball_lightning,Approximate national coordinate.,CC-BY-SA-4.0,active,2025-08-24
earthquake_lights_region,New Madrid Seismic Light Reports (historical),Historical records linked to seismic activity.,US,MO,36.600,-89.530,approx,https://en.wikipedia.org/wiki/Earthquake_light,Historic seismic region.,CC-BY-SA-4.0,historic,2025-08-24
aurora_viewing_site,Yellowknife Aurora Viewing (approx),Canadian locality with strong auroral activity.,CA,Northwest_Territories,62.454,-114.371,approx,https://en.wikipedia.org/wiki/Yellowknife,Urban center.,CC-BY-SA-4.0,active,2025-08-24
dark_sky_reserve,Kerry International Dark Sky Reserve,Irish dark sky reserve.,IE,County_Kerry,51.867,-10.117,approx,https://en.wikipedia.org/wiki/Kerry,_Ireland,Coastal rural area.,CC-BY-SA-4.0,active,2025-08-24
legend_water_creature_lake,Lough Ness-like Comparative (example placeholder),Fictional comparative entry for structure.,XX,Example,0.000,0.000,approx,https://example.org/placeholder,Development placeholder.,CC0,active,2025-08-24
paranormal_cluster,International Space Station Anomaly Reports (media summaries),Media summaries of alleged observations on open feed.,NA,Low_Earth_Orbit,0.000,0.000,approx,https://en.wikipedia.org/wiki/International_Space_Station,Symbolic coordinate.,CC-BY-SA-4.0,active,2025-08-24
sky_quality_site,Canary Islands Sky Monitoring (approx),Archipelago with sky quality stations.,ES,Canary_Islands,28.300,-16.500,approx,https://en.wikipedia.org/wiki/Observatorio_del_Teide,Insular region.,CC-BY-SA-4.0,active,2025-08-24
observatory,Teide Observatory (approx),High-altitude observatory in the Canaries.,ES,Tenerife,28.300,-16.510,approx,https://en.wikipedia.org/wiki/Observatorio_del_Teide,Scientific installation.,CC-BY-SA-4.0,active,2025-08-24
observatory,SAAO Sutherland (approx),South African astronomical observatory.,ZA,Northern_Cape,-32.379,20.811,approx,https://en.wikipedia.org/wiki/South_African_Astronomical_Observatory,Public scientific facility.,CC-BY-SA-4.0,active,2025-08-24
cosmic_ray_lab,ARGO-YBJ (Yangbajing) (approx),High-altitude historical cosmic ray experiment.,CN,Tibet,30.110,90.530,approx,https://en.wikipedia.org/wiki/Yangbajing_International_Cosmic_Ray_Observatory,Research area.,CC-BY-SA-4.0,historic,2025-08-24
meteorite_fall_site,Hoba Meteorite (approx site),Largest in-situ iron meteorite known.,NA,Namibia,-19.583,17.933,approx,https://en.wikipedia.org/wiki/Hoba_meteorite,Monitored tourist site.,CC-BY-SA-4.0,active,2025-08-24
geological_site,Kaali Meteorite Crater Field (approx),Set of Estonian craters.,EE,Saare,-58.370,22.670,approx,https://en.wikipedia.org/wiki/Kaali_craters,Heritage location.,CC-BY-SA-4.0,active,2025-08-24
archaeoastronomy_site,Nabta Playa (approx),Site with archaeoastronomical alignments in Sahara.,EG,New_Valley,22.300,30.700,approx,https://en.wikipedia.org/wiki/Nabta_Playa,Broad desert coordinate.,CC-BY-SA-4.0,active,2025-08-24
archaeoastronomy_site,Big Horn Medicine Wheel (approx),Stone structure with possible solar alignments.,US,WY,44.825,-107.921,approx,https://en.wikipedia.org/wiki/Bighorn_Medicine_Wheel,Public heritage site.,CC-BY-SA-4.0,active,2025-08-24
paranormal_site,Glowing Road Phenomenon (generic example),Generic example to standardize dataset.,XX,Example,0.100,0.100,approx,https://example.org/glow,Test placeholder.,CC0,active,2025-08-24
impact_structure,Chicxulub Crater (approx center),Impact structure associated with K-Pg extinction.,MX,Yucatan,21.300,-89.500,approx,https://en.wikipedia.org/wiki/Chicxulub_crater,Approximate geophysical center.,CC-BY-SA-4.0,active,2025-08-24
impact_structure,Vredefort Crater (approx),Largest confirmed impact structure on Earth.,ZA,Free_State,-27.000,27.500,approx,https://en.wikipedia.org/wiki/Vredefort_crater,Broad dome region.,CC-BY-SA-4.0,active,2025-08-24
impact_structure,Sudbury Basin (approx),Impact structure and metallogenic complex.,CA,Ontario,46.600,-81.200,approx,https://en.wikipedia.org/wiki/Sudbury_Basin,Historic mining area.,CC-BY-SA-4.0,active,2025-08-24
rare_cloud_phenomena_region,Nacreous Clouds Region Tromsø (seasonal),Region with seasonal polar stratospheric cloud observations.,NO,Troms_og_Finnmark,69.600,19.000,approx,https://en.wikipedia.org/wiki/Polar_stratospheric_cloud,High latitude area.,CC-BY-SA-4.0,active,2025-08-24
rare_cloud_phenomena_region,Mammatus Clouds Great Plains (generic),Region prone to mammatus cloud formations.,US,Great_Plains,38.500,-97.000,approx,https://en.wikipedia.org/wiki/Mammatus_cloud,Generic regional entry.,CC-BY-SA-4.0,active,2025-08-24
noctilucent_cloud_observation_site,Baltic Noctilucent Cloud Belt (approx),Zone where noctilucent clouds frequent in summer.,SE,Coastal,58.500,18.000,approx,https://en.wikipedia.org/wiki/Noctilucent_cloud,Representative latitudinal band.,CC-BY-SA-4.0,active,2025-08-24
noctilucent_cloud_observation_site,Scotland Noctilucent Observations (approx),Region of noctilucent cloud observations.,UK,Scotland,56.500,-3.500,approx,https://en.wikipedia.org/wiki/Noctilucent_cloud,Mean coordinate.,CC-BY-SA-4.0,active,2025-08-24
luminous_plankton_bay,Mosquito Bay Bioluminescence (approx),Bioluminescent bay on Vieques.,PR,,18.080,-65.450,approx,https://en.wikipedia.org/wiki/Puerto_Rico_bioluminescent_bays,Protected bay.,CC-BY-SA-4.0,active,2025-08-24
luminous_plankton_bay,Toyama Bay Firefly Squid (approx),Bay with firefly squid bioluminescent phenomenon.,JP,Toyama,36.900,137.300,approx,https://en.wikipedia.org/wiki/Firefly_squid,Seasonal event.,CC-BY-SA-4.0,active,2025-08-24
luminous_plankton_bay,Gippsland Lakes Bioluminescence (approx),Occasional bioluminescent bloom reports.,AU,VIC,-37.900,147.800,approx,https://en.wikipedia.org/wiki/Bioluminescence_in_the_sea,Broad coastal region.,CC-BY-SA-4.0,active,2025-08-24
gravity_anomaly_site,Matto Grosso Gravity Anomaly (generic approx),Region with reported moderate gravitational variation.,BR,Mato_Grosso,-13.500,-56.000,approx,https://en.wikipedia.org/wiki/Gravity_anomaly,Illustrative generic entry.,CC-BY-SA-4.0,active,2025-08-24
gravity_anomaly_site,Central Finland Gravity Low (approx),Gravimetric anomaly linked to geologic structure.,FI,Central,62.800,25.700,approx,https://en.wikipedia.org/wiki/Gravity_anomaly,Regional coordinate.,CC-BY-SA-4.0,active,2025-08-24
geomagnetic_anomaly_region,South Atlantic Anomaly (centroid),Region of weakened Earth's magnetic field.,NA,South_Atlantic,-30.000,-45.000,approx,https://en.wikipedia.org/wiki/South_Atlantic_Anomaly,Approximate centroid.,CC-BY-SA-4.0,active,2025-08-24
geomagnetic_anomaly_region,East Asian Anomaly Variation (approx),Region with studied geomagnetic variations.,CN,East,33.000,110.000,approx,https://en.wikipedia.org/wiki/Earth%27s_magnetic_field,Broad region.,CC-BY-SA-4.0,active,2025-08-24
radioastronomy_pathfinder,MeerKAT Array (approx),SKA precursor array South Africa.,ZA,Northern_Cape,-30.713,21.444,approx,https://en.wikipedia.org/wiki/MeerKAT,Distributed antenna area.,CC-BY-SA-4.0,active,2025-08-24
radioastronomy_pathfinder,ASKAP (Murchison Radio-astronomy Observatory approx),SKA precursor antenna array.,AU,WA,-26.700,116.600,approx,https://en.wikipedia.org/wiki/Australian_Square_Kilometre_Array_Pathfinder,Radio quiet region.,CC-BY-SA-4.0,active,2025-08-24
ionospheric_heater_public,HAARP Research Facility (approx),Ionospheric heating facility with public science programs.,US,AK,62.392,-145.150,approx,https://en.wikipedia.org/wiki/High-frequency_Active_Auroral_Research_Program,Open during events.,CC-BY-SA-4.0,active,2025-08-24
magnetometer_array_site,SuperMAG Arctic Stations (generic centroid),Magnetometer network for geomagnetic monitoring.,NA,Arctic,78.000,15.000,approx,https://en.wikipedia.org/wiki/SuperMAG,Symbolic network centroid.,CC-BY-SA-4.0,active,2025-08-24
open_science_sensor_network,EarthScope USArray (approx CONUS centroid),Temporary seismometer and geophysics sensor network.,US,CONUS,39.828,-98.579,approx,https://en.wikipedia.org/wiki/EarthScope,Continental symbolic centroid.,CC-BY-SA-4.0,active,2025-08-24
open_science_sensor_network,Global Seismographic Network (global centroid),Global open seismographic network.,NA,Global,0.000,0.000,approx,https://en.wikipedia.org/wiki/Global_Seismographic_Network,Symbolic centroid.,CC-BY-SA-4.0,active,2025-08-24
uap_data_collection_initiative,UAPx Coastal Study Zone (generic),Generic coastal zone for open UAP collection initiatives.,US,FL,27.800,-82.800,approx,https://example.org/uapx,Illustrative entry without sensitive location.,CC0,active,2025-08-24
uap_data_collection_initiative,Public Sky Hub Node (placeholder),Public sky sensor network node (example).,XX,Example,10.000,10.000,approx,https://example.org/skyhub,Demonstrative placeholder.,CC0,active,2025-08-24
meteoritic_recovery_area,Antarctic Meteorite Stranding Zone (generic),Area of meteorite accumulation on blue ice.,AQ,Antarctica,-80.000,0.000,approx,https://en.wikipedia.org/wiki/Antarctic_meteorite,Symbolic coordinate.,CC-BY-SA-4.0,active,2025-08-24
meteoritic_recovery_area,Nullarbor Meteorite Field (approx),Australian region with meteorite recoveries.,AU,WA,-30.500,129.000,approx,https://en.wikipedia.org/wiki/Nullarbor_Plain,Broad desert area.,CC-BY-SA-4.0,active,2025-08-24
comet_impact_structure_candidate,Younger Dryas Impact Hypothesis Field (generic),Distributed alleged regions (contested hypothesis).,NA,Multiple,45.000,-60.000,approx,https://en.wikipedia.org/wiki/Younger_Dryas_impact_hypothesis,Unconfirmed conceptual entry.,CC-BY-SA-4.0,active,2025-08-24
historic_space_event_observation_site,1938 Orson Welles Broadcast Public Reaction (symbolic),Symbolic center for cultural reaction to radio broadcast.,US,NJ,40.220,-74.010,approx,https://en.wikipedia.org/wiki/The_War_of_the_Worlds_(1938_radio_drama),Historic media entry.,CC-BY-SA-4.0,historic,2025-08-24
historic_space_event_observation_site,1969 Apollo 11 Global Viewing (symbolic centroid),Symbolic centroid of global lunar landing audience.,NA,Global,0.000,20.000,approx,https://en.wikipedia.org/wiki/Apollo_11,Global cultural historic entry.,CC-BY-SA-4.0,historic,2025-08-24
